Main Category,Occasion,Clothing Type,Clothing Type 2,Pleat?,Material,Brand,Fit,Color 1,Color 2,File Name
Bottoms,Multi,Chinos,Light Weight,No,Chino,H&M,Regular,Beige,,H&M_Lightweight_Chino_Beige_Regular.jpg
Bottoms,Multi,Chinos,Light Weight,No,Chino,H&M,Regular,Black,,H&M_Lightweight_Chino_Black_Regular.jpg
Bottoms,Multi,Chinos,Light Weight,No,Chino,H&M,Regular,Blue,,H&M_Lightweight_Chino_Blue_Regular.jpg
Bottoms,Multi,Chinos,Light Weight,No,Chino,H&M,Regular,Brown,,H&M_Lightweight_Chino_Brown_Regular.jpg
Bottoms,Multi,Chinos,Light Weight,No,Chino,H&M,Regular,Burgundy,,H&M_Lightweight_Chino_Burgundy_Regular.jpg
Bottoms,Multi,Chinos,Light Weight,No,Chino,H&M,Regular,Gray,,H&M_Lightweight_Chino_Gray_Regular.jpg
Bottoms,Multi,Chinos,Light Weight,No,Chino,H&M,Regular,Khaki,,H&M_Lightweight_Chino_Khaki_Regular.jpg
Bottoms,Multi,Chinos,Light Weight,No,Chino,H&M,Regular,Light Blue,,H&M_Lightweight_Chino_LightBlue_Regular.jpg
Bottoms,Multi,Chinos,Light Weight,No,Chino,H&M,Regular,Light Brown,,H&M_Lightweight_Chino_LightBrown_Regular.jpg
Bottoms,Multi,Chinos,Light Weight,No,Chino,H&M,Regular,Navy,,H&M_Lightweight_Chino_Navy_Regular.jpg
Bottoms,Multi,Chinos,Light Weight,No,Chino,H&M,Regular,Red,,H&M_Lightweight_Chino_Red_Regular.jpg
Bottoms,Multi,Chinos,Light Weight,No,Chino,H&M,Regular,Salmon,,H&M_Lightweight_Chino_Salmon_Regular.jpg
Bottoms,Multi,Chinos,Light Weight,No,Chino,H&M,Regular,Taupe,,H&M_Lightweight_Chino_Taupe_Regular.jpg
Bottoms,Multi,Chinos,Light Weight,No,Chino,H&M,Regular,Turquoise,,H&M_Lightweight_Chino_Turquoise_Regular.jpg
Bottoms,Multi,Chinos,Regular Weight,No,Chino,H&M,Regular,Beige,,H&M_Chino_Regular_Beige.jpg
Bottoms,Multi,Chinos,Regular Weight,No,Chino,H&M,Regular,Black,,H&M_Chino_Regular_Black.jpg
Bottoms,Multi,Chinos,Regular Weight,No,Chino,H&M,Regular,Blue,,H&M_Chino_Regular_Blue.jpg
Bottoms,Multi,Chinos,Regular Weight,No,Chino,H&M,Regular,Brown,,H&M_Chino_Regular_Brown.jpg
Bottoms,Multi,Chinos,Regular Weight,No,Chino,H&M,Regular,Burgundy,,H&M_Chino_Regular_Burgundy.jpg
Bottoms,Multi,Chinos,Regular Weight,No,Chino,H&M,Regular,Gray,,H&M_Chino_Regular_Gray.jpg
Bottoms,Multi,Chinos,Regular Weight,No,Chino,H&M,Regular,Khaki,,H&M_Chino_Regular_Khaki.jpg
Bottoms,Multi,Chinos,Regular Weight,No,Chino,H&M,Regular,Light Blue,,H&M_Chino_Regular_LightBlue.jpg
Bottoms,Multi,Chinos,Regular Weight,No,Chino,H&M,Regular,Light Brown,,H&M_Chino_Regular_LightBrown.jpg
Bottoms,Multi,Chinos,Regular Weight,No,Chino,H&M,Regular,Navy,,H&M_Chino_Regular_Navy.jpg
Bottoms,Multi,Chinos,Regular Weight,No,Chino,H&M,Regular,Red,,H&M_Chino_Regular_Red.jpg
Bottoms,Multi,Chinos,Regular Weight,No,Chino,H&M,Regular,Salmon,,H&M_Chino_Regular_Salmon.jpg
Bottoms,Multi,Chinos,Regular Weight,No,Chino,H&M,Regular,Taupe,,H&M_Chino_Regular_Taupe.jpg
Bottoms,Multi,Chinos,Regular Weight,No,Chino,H&M,Regular,Turquoise,,H&M_Chino_Regular_Turquoise.jpg
Bottoms,Dressed,Suit Pants,,Yes,Blend,Uniqlo,Regular,Black,,Uniqlo_SuitPants_Regular_Black.jpg
Bottoms,Dressed,Suit Pants,,Yes,Blend,Uniqlo,Regular,Charcoal,,Uniqlo_SuitPants_Regular_Charcoal.jpg
Bottoms,Dressed,Suit Pants,,Yes,Blend,Uniqlo,Regular,Gray,,Uniqlo_SuitPants_Regular_Gray.jpg
Bottoms,Dressed,Suit Pants,,Yes,Blend,Uniqlo,Regular,Light Gray,,Uniqlo_SuitPants_Regular_LightGray.jpg
Bottoms,Dressed,Suit Pants,,Yes,Blend,Uniqlo,Regular,Navy,,Uniqlo_SuitPants_Regular_Navy.jpg
Bottoms,Dressed,Suit Pants,,Yes,Wool,Uniqlo,Regular,Black,,Uniqlo_SuitPants_Wool_Regular_Black.jpg
Bottoms,Dressed,Suit Pants,,Yes,Wool,Uniqlo,Regular,Charcoal,,Uniqlo_SuitPants_Wool_Regular_Charcoal.jpg
Bottoms,Dressed,Suit Pants,,Yes,Wool,Uniqlo,Regular,Dark Gray,,Uniqlo_SuitPants_Wool_Regular_DarkGray.jpg
Bottoms,Dressed,Suit Pants,,Yes,Wool,Uniqlo,Regular,Gray,,Uniqlo_SuitPants_Wool_Regular_Gray.jpg
Bottoms,Dressed,Suit Pants,,Yes,Wool,Uniqlo,Regular,Light Gray,,Uniqlo_SuitPants_Wool_Regular_LightGray.jpg
Bottoms,Dressed,Suit Pants,,Yes,Wool,Uniqlo,Regular,Navy,,Uniqlo_SuitPants_Wool_Regular_Navy.jpg
Bottoms,Casual,5-Pocket,,No,Twill,H&M,Regular,Beige,,H&M_5-Pocket_Regular_Beige.jpg
Bottoms,Casual,5-Pocket,,No,Twill,H&M,Regular,Black,,H&M_5-Pocket_Regular_Black.jpg
Bottoms,Casual,5-Pocket,,No,Twill,H&M,Regular,Blue,,H&M_5-Pocket_Regular_Blue.jpg
Bottoms,Casual,5-Pocket,,No,Twill,H&M,Regular,Brown,,H&M_5-Pocket_Regular_Brown.jpg
Bottoms,Casual,5-Pocket,,No,Twill,H&M,Regular,Burgundy,,H&M_5-Pocket_Regular_Burgundy.jpg
Bottoms,Casual,5-Pocket,,No,Twill,H&M,Regular,Green,,H&M_5-Pocket_Regular_Green.jpg
Bottoms,Casual,5-Pocket,,No,Twill,H&M,Regular,Gray,,H&M_5-Pocket_Regular_Gray.jpg
Bottoms,Casual,5-Pocket,,No,Twill,H&M,Regular,Light Brown,,H&M_5-Pocket_Regular_LightBrown.jpg
Bottoms,Casual,5-Pocket,,No,Twill,H&M,Regular,Navy,,H&M_5-Pocket_Regular_Navy.jpg
Bottoms,Casual,5-Pocket,,No,Twill,H&M,Regular,Olive,,H&M_5-Pocket_Regular_Olive.jpg
Bottoms,Casual,5-Pocket,,No,Twill,H&M,Regular,Orange,,H&M_5-Pocket_Regular_Orange.jpg
Bottoms,Casual,5-Pocket,,No,Twill,H&M,Regular,Purple,,H&M_5-Pocket_Regular_Purple.jpg
Bottoms,Casual,5-Pocket,,No,Twill,H&M,Regular,Taupe,,H&M_5-Pocket_Regular_Taupe.jpg
Bottoms,Casual,5-Pocket,,No,Twill,H&M,Regular,White,,H&M_5-Pocket_Regular_White.jpg
Bottoms,Casual,5-Pocket,,No,Twill,H&M,Regular,Yellow,,H&M_5-Pocket_Regular_Yellow.jpg
Bottoms,Casual,Jeans,,No,Denim,Levis,Regular,Black,,Levi_Jeans_Regular_Black.jpg
Bottoms,Casual,Jeans,,No,Denim,Levis,Regular,Blue,,Levi_Jeans_Regular_Blue.jpg
Bottoms,Casual,Jeans,,No,Denim,Levis,Regular,Light Wash,Blue,Levi_Jeans_Regular_Blue_LightWash.jpg
Bottoms,Casual,Jeans,,No,Denim,Levis,Regular,Dark Blue,,Levi_Jeans_Regular_DarkBlue.jpg
Bottoms,Casual,Jeans,,No,Denim,Levis,Regular,Light Wash,Dark Blue,Levi_Jeans_Regular_DarkBlue_LightWash.jpg
Bottoms,Casual,Jeans,,No,Denim,Levis,Regular,Dark Gray,,Levi_Jeans_Regular_DarkGray.jpg
Bottoms,Casual,Jeans,,No,Denim,Levis,Regular,Gray,,Levi_Jeans_Regular_Gray.jpg
Bottoms,Casual,Jeans,,No,Denim,Levis,Regular,Light Wash,Gray,Levi_Jeans_Regular_Gray_LightWash.jpg
Bottoms,Casual,Jeans,,No,Denim,Levis,Regular,Indigo,,Levi_Jeans_Regular_Indigo.jpg
Bottoms,Casual,Jeans,,No,Denim,Levis,Regular,Light Wash,Indigo,Levi_Jeans_Regular_Indigo_LightWash.jpg
Bottoms,Casual,Jeans,,No,Denim,Levis,Regular,Light Gray,,Levi_Jeans_Regular_LightGray.jpg
Bottoms,Casual,Jeans,,No,Denim,Levis,Regular,Taupe,,Levi_Jeans_Regular_Taupe.jpg
Bottoms,Casual,Jeans,,No,Denim,Levis,Regular,White,,Levi_Jeans_Regular_White.jpg
Bottoms,Casual,Sweatpants,,No,Cotton,Uniqlo,Regular,Gray,,Uniqlo_SweatPants_Regular_Gray.jpg
Bottoms,Casual,Sweatpants,,No,Cotton,Uniqlo,Regular,Dark Gray,,Uniqlo_SweatPants_Regular_DarkGray.jpg
Bottoms,Casual,Sweatpants,,No,Cotton,Uniqlo,Regular,Black,,Uniqlo_SweatPants_Regular_Black.jpg
Bottoms,Casual,Sweatpants,,No,Cotton,Uniqlo,Regular,Navy,,Uniqlo_SweatPants_Regular_Navy.jpg
Bottoms,Multi,Chinos,Light Weight,No,Chino,H&M,Slim,Beige,,H&M_Lightweight_Chino_Beige_Slim.jpg
Bottoms,Multi,Chinos,Light Weight,No,Chino,H&M,Slim,Black,,H&M_Lightweight_Chino_Black_Slim.jpg
Bottoms,Multi,Chinos,Light Weight,No,Chino,H&M,Slim,Blue,,H&M_Lightweight_Chino_Blue_Slim.jpg
Bottoms,Multi,Chinos,Light Weight,No,Chino,H&M,Slim,Brown,,H&M_Lightweight_Chino_Brown_Slim.jpg
Bottoms,Multi,Chinos,Light Weight,No,Chino,H&M,Slim,Burgundy,,H&M_Lightweight_Chino_Burgundy_Slim.jpg
Bottoms,Multi,Chinos,Light Weight,No,Chino,H&M,Slim,Gray,,H&M_Lightweight_Chino_Gray_Slim.jpg
Bottoms,Multi,Chinos,Light Weight,No,Chino,H&M,Slim,Khaki,,H&M_Lightweight_Chino_Khaki_Slim.jpg
Bottoms,Multi,Chinos,Light Weight,No,Chino,H&M,Slim,Light Blue,,H&M_Lightweight_Chino_LightBlue_Slim.jpg
Bottoms,Multi,Chinos,Light Weight,No,Chino,H&M,Slim,Light Brown,,H&M_Lightweight_Chino_LightBrown_Slim.jpg
Bottoms,Multi,Chinos,Light Weight,No,Chino,H&M,Slim,Navy,,H&M_Lightweight_Chino_Navy_Slim.jpg
Bottoms,Multi,Chinos,Light Weight,No,Chino,H&M,Slim,Red,,H&M_Lightweight_Chino_Red_Slim.jpg
Bottoms,Multi,Chinos,Light Weight,No,Chino,H&M,Slim,Salmon,,H&M_Lightweight_Chino_Salmon_Slim.jpg
Bottoms,Multi,Chinos,Light Weight,No,Chino,H&M,Slim,Taupe,,H&M_Lightweight_Chino_Taupe_Slim.jpg
Bottoms,Multi,Chinos,Light Weight,No,Chino,H&M,Slim,Turquoise,,H&M_Lightweight_Chino_Turquoise_Slim.jpg
Bottoms,Multi,Chinos,Regular Weight,No,Chino,H&M,Slim,Beige,,H&M_Chino_Slim_Beige.jpg
Bottoms,Multi,Chinos,Regular Weight,No,Chino,H&M,Slim,Black,,H&M_Chino_Slim_Black.jpg
Bottoms,Multi,Chinos,Regular Weight,No,Chino,H&M,Slim,Blue,,H&M_Chino_Slim_Blue.jpg
Bottoms,Multi,Chinos,Regular Weight,No,Chino,H&M,Slim,Brown,,H&M_Chino_Slim_Brown.jpg
Bottoms,Multi,Chinos,Regular Weight,No,Chino,H&M,Slim,Burgundy,,H&M_Chino_Slim_Burgundy.jpg
Bottoms,Multi,Chinos,Regular Weight,No,Chino,H&M,Slim,Gray,,H&M_Chino_Slim_Gray.jpg
Bottoms,Multi,Chinos,Regular Weight,No,Chino,H&M,Slim,Khaki,,H&M_Chino_Slim_Khaki.jpg
Bottoms,Multi,Chinos,Regular Weight,No,Chino,H&M,Slim,Light Blue,,H&M_Chino_Slim_LightBlue.jpg
Bottoms,Multi,Chinos,Regular Weight,No,Chino,H&M,Slim,Light Brown,,H&M_Chino_Slim_LightBrown.jpg
Bottoms,Multi,Chinos,Regular Weight,No,Chino,H&M,Slim,Navy,,H&M_Chino_Slim_Navy.jpg
Bottoms,Multi,Chinos,Regular Weight,No,Chino,H&M,Slim,Red,,H&M_Chino_Slim_Red.jpg
Bottoms,Multi,Chinos,Regular Weight,No,Chino,H&M,Slim,Salmon,,H&M_Chino_Slim_Salmon.jpg
Bottoms,Multi,Chinos,Regular Weight,No,Chino,H&M,Slim,Taupe,,H&M_Chino_Slim_Taupe.jpg
Bottoms,Multi,Chinos,Regular Weight,No,Chino,H&M,Slim,Turquoise,,H&M_Chino_Slim_Turquoise.jpg
Bottoms,Dressed,Suit Pants,,Yes,Blend,Uniqlo,Slim,Black,,Uniqlo_SuitPants_Slim_Black.jpg
Bottoms,Dressed,Suit Pants,,Yes,Blend,Uniqlo,Slim,Charcoal,,Uniqlo_SuitPants_Slim_Charcoal.jpg
Bottoms,Dressed,Suit Pants,,Yes,Blend,Uniqlo,Slim,Gray,,Uniqlo_SuitPants_Slim_Gray.jpg
Bottoms,Dressed,Suit Pants,,Yes,Blend,Uniqlo,Slim,Light Gray,,Uniqlo_SuitPants_Slim_LightGray.jpg
Bottoms,Dressed,Suit Pants,,Yes,Blend,Uniqlo,Slim,Navy,,Uniqlo_SuitPants_Slim_Navy.jpg
Bottoms,Dressed,Suit Pants,,Yes,Wool,Uniqlo,Slim,Black,,Uniqlo_SuitPants_Wool_Slim_Black.jpg
Bottoms,Dressed,Suit Pants,,Yes,Wool,Uniqlo,Slim,Charcoal,,Uniqlo_SuitPants_Wool_Slim_Charcoal.jpg
Bottoms,Dressed,Suit Pants,,Yes,Wool,Uniqlo,Slim,Dark Gray,,Uniqlo_SuitPants_Wool_Slim_DarkGray.jpg
Bottoms,Dressed,Suit Pants,,Yes,Wool,Uniqlo,Slim,Gray,,Uniqlo_SuitPants_Wool_Slim_Gray.jpg
Bottoms,Dressed,Suit Pants,,Yes,Wool,Uniqlo,Slim,Light Gray,,Uniqlo_SuitPants_Wool_Slim_LightGray.jpg
Bottoms,Dressed,Suit Pants,,Yes,Wool,Uniqlo,Slim,Navy,,Uniqlo_SuitPants_Wool_Slim_Navy.jpg
Bottoms,Casual,5-Pocket,,No,Twill,H&M,Slim,Beige,,H&M_5-Pocket_Slim_Beige.jpg
Bottoms,Casual,5-Pocket,,No,Twill,H&M,Slim,Black,,H&M_5-Pocket_Slim_Black.jpg
Bottoms,Casual,5-Pocket,,No,Twill,H&M,Slim,Blue,,H&M_5-Pocket_Slim_Blue.jpg
Bottoms,Casual,5-Pocket,,No,Twill,H&M,Slim,Brown,,H&M_5-Pocket_Slim_Brown.jpg
Bottoms,Casual,5-Pocket,,No,Twill,H&M,Slim,Burgundy,,H&M_5-Pocket_Slim_Burgundy.jpg
Bottoms,Casual,5-Pocket,,No,Twill,H&M,Slim,Green,,H&M_5-Pocket_Slim_Green.jpg
Bottoms,Casual,5-Pocket,,No,Twill,H&M,Slim,Gray,,H&M_5-Pocket_Slim_Gray.jpg
Bottoms,Casual,5-Pocket,,No,Twill,H&M,Slim,Light Brown,,H&M_5-Pocket_Slim_LightBrown.jpg
Bottoms,Casual,5-Pocket,,No,Twill,H&M,Slim,Navy,,H&M_5-Pocket_Slim_Navy.jpg
Bottoms,Casual,5-Pocket,,No,Twill,H&M,Slim,Olive,,H&M_5-Pocket_Slim_Olive.jpg
Bottoms,Casual,5-Pocket,,No,Twill,H&M,Slim,Orange,,H&M_5-Pocket_Slim_Orange.jpg
Bottoms,Casual,5-Pocket,,No,Twill,H&M,Slim,Purple,,H&M_5-Pocket_Slim_Purple.jpg
Bottoms,Casual,5-Pocket,,No,Twill,H&M,Slim,Taupe,,H&M_5-Pocket_Slim_Taupe.jpg
Bottoms,Casual,5-Pocket,,No,Twill,H&M,Slim,White,,H&M_5-Pocket_Slim_White.jpg
Bottoms,Casual,5-Pocket,,No,Twill,H&M,Slim,Yellow,,H&M_5-Pocket_Slim_Yellow.jpg
Bottoms,Casual,Jeans,,No,Denim,Levis,Slim,Beige,,Levi_Jeans_Slim_Beige.jpg
Bottoms,Casual,Jeans,,No,Denim,Levis,Slim,Black,,Levi_Jeans_Slim_Black.jpg
Bottoms,Casual,Jeans,,No,Denim,Levis,Slim,Light Wash,Black,Levi_Jeans_Slim_Black.LightWash.jpg
Bottoms,Casual,Jeans,,No,Denim,Levis,Slim,Light Wash,Blue,Levi_Jeans_Slim_Blue.LightWash.jpg
Bottoms,Casual,Jeans,,No,Denim,Levis,Slim,Dark Blue,,Levi_Jeans_Slim_DarkBlue.jpg
Bottoms,Casual,Jeans,,No,Denim,Levis,Slim,Light Wash,Dark Blue,Levi_Jeans_Slim_DarkBlue.LightWash.jpg
Bottoms,Casual,Jeans,,No,Denim,Levis,Slim,Dark Gray,,Levi_Jeans_Slim_DarkGray.jpg
Bottoms,Casual,Jeans,,No,Denim,Levis,Slim,Indigo,,Levi_Jeans_Slim_Indigo.jpg
Bottoms,Casual,Jeans,,No,Denim,Levis,Slim,Light Wash,Indigo,Levi_Jeans_Slim_Indigo.LightWash.jpg
Bottoms,Casual,Jeans,,No,Denim,Levis,Slim,Light Wash,Light Blue,Levi_Jeans_Slim_LightBlue.LightWash.jpg
Bottoms,Casual,Jeans,,No,Denim,Levis,Slim,Taupe,,Levi_Jeans_Slim_Taupe.jpg
Bottoms,Casual,Jeans,,No,Denim,Levis,Slim,White,,Levi_Jeans_Slim_White.jpg
Bottoms,Casual,Jogger,,No,Cotton,Publish,Slim,Black,,Publish_Jogger_Slim_Black.jpg
Bottoms,Casual,Jogger,,No,Cotton,Publish,Slim,Dots,Charcoal,Publish_Jogger_Slim_Charcoal_Dots.jpg
Bottoms,Casual,Jogger,,No,Cotton,Publish,Slim,Dots,Black,Publish_Jogger_Slim_Black_Dots.jpg
Bottoms,Casual,Jogger,,No,Cotton,Publish,Slim,Blue,,Publish_Jogger_Slim_Blue.jpg
Bottoms,Casual,Jogger,,No,Cotton,Publish,Slim,Brown,,Publish_Jogger_Slim_Brown.jpg
Bottoms,Casual,Jogger,,No,Cotton,Publish,Slim,Charcoal,,Publish_Jogger_Slim_Charcoal.jpg
Bottoms,Casual,Jogger,,No,Cotton,Publish,Slim,Gray,,Publish_Jogger_Slim_Gray.jpg
Bottoms,Casual,Jogger,,No,Cotton,Publish,Slim,Maroon,,Publish_Jogger_Slim_Maroon.jpg
Bottoms,Casual,Jogger,,No,Cotton,Publish,Slim,Navy,,Publish_Jogger_Slim_Navy.jpg
Bottoms,Casual,Jogger,,No,Cotton,Publish,Slim,Dots,Navy,Publish_Jogger_Slim_Navy_Dots.jpg
Bottoms,Casual,Jogger,,No,Cotton,Publish,Slim,Olive,,Publish_Jogger_Slim_Olive.jpg
Bottoms,Casual,Jogger,,No,Cotton,Publish,Slim,Red,,Publish_Jogger_Slim_Red.jpg
Bottoms,Casual,Jogger,,No,Cotton,Publish,Slim,Tan,,Publish_Jogger_Slim_Tan.jpg
Bottoms,Casual,Jogger,,No,Cotton,Publish,Slim,Dots,Tan,Publish_Jogger_Slim_Tan_Dots.jpg
Bottoms,Casual,Jogger,,No,Cotton,Publish,Slim,Turquoise,,Publish_Jogger_Slim_Turquoise.jpg
Bottoms,Casual,Jogger,,No,Cotton,Publish,Slim,White,,Publish_Jogger_Slim_White.jpg
Bottoms,Casual,Jogger,,No,Cotton,Publish,Slim,Yellow,,Publish_Jogger_Slim_Yellow.jpg
Bottoms,Casual,Jogger,,No,Cotton,Club Monaco,Slim,Chambray,Dark Blue,ClubMonaco_Jogger_Slim_Chambray_DarkBlue.jpg
Bottoms,Casual,Jogger,,No,Cotton,Club Monaco,Slim,Printed,Camo,ClubMonaco_Jogger_Slim_Printed_Camo.jpg
Bottoms,Casual,Jogger,,No,Wool,Club Monaco,Slim,Black,,ClubMonaco_Jogger_Slim_Wool_Black.jpg
Bottoms,Casual,Jogger,,No,Wool,Club Monaco,Slim,Charcoal,,ClubMonaco_Jogger_Slim_Wool_Charcoal.jpg
Bottoms,Casual,Jogger,,No,Wool,Club Monaco,Slim,Navy,,ClubMonaco_Jogger_Slim_Wool_Navy.jpg
Bottoms,Casual,Sweatpants,,No,Cotton,Uniqlo,Slim,Gray,,Uniqlo_SweatPants_Slim_Gray.jpg
Bottoms,Casual,Sweatpants,,No,Cotton,Uniqlo,Slim,Dark Gray,,Uniqlo_SweatPants_Slim_DarkGray.jpg
Bottoms,Casual,Sweatpants,,No,Cotton,Uniqlo,Slim,Black,,Uniqlo_SweatPants_Slim_Black.jpg
Bottoms,Casual,Sweatpants,,No,Cotton,Uniqlo,Slim,Navy,,Uniqlo_SweatPants_Slim_Navy.jpg
Bottoms,Multi,Chinos,Light Weight,No,Chino,H&M,Skinny,Beige,,H&M_Lightweight_Chino_Beige_Skinny.jpg
Bottoms,Multi,Chinos,Light Weight,No,Chino,H&M,Skinny,Black,,H&M_Lightweight_Chino_Black_Skinny.jpg
Bottoms,Multi,Chinos,Light Weight,No,Chino,H&M,Skinny,Blue,,H&M_Lightweight_Chino_Blue_Skinny.jpg
Bottoms,Multi,Chinos,Light Weight,No,Chino,H&M,Skinny,Brown,,H&M_Lightweight_Chino_Brown_Skinny.jpg
Bottoms,Multi,Chinos,Light Weight,No,Chino,H&M,Skinny,Burgundy,,H&M_Lightweight_Chino_Burgundy_Skinny.jpg
Bottoms,Multi,Chinos,Light Weight,No,Chino,H&M,Skinny,Gray,,H&M_Lightweight_Chino_Gray_Skinny.jpg
Bottoms,Multi,Chinos,Light Weight,No,Chino,H&M,Skinny,Khaki,,H&M_Lightweight_Chino_Khaki_Skinny.jpg
Bottoms,Multi,Chinos,Light Weight,No,Chino,H&M,Skinny,Light Blue,,H&M_Lightweight_Chino_LightBlue_Skinny.jpg
Bottoms,Multi,Chinos,Light Weight,No,Chino,H&M,Skinny,Light Brown,,H&M_Lightweight_Chino_LightBrown_Skinny.jpg
Bottoms,Multi,Chinos,Light Weight,No,Chino,H&M,Skinny,Navy,,H&M_Lightweight_Chino_Navy_Skinny.jpg
Bottoms,Multi,Chinos,Light Weight,No,Chino,H&M,Skinny,Red,,H&M_Lightweight_Chino_Red_Skinny.jpg
Bottoms,Multi,Chinos,Light Weight,No,Chino,H&M,Skinny,Salmon,,H&M_Lightweight_Chino_Salmon_Skinny.jpg
Bottoms,Multi,Chinos,Light Weight,No,Chino,H&M,Skinny,Taupe,,H&M_Lightweight_Chino_Taupe_Skinny.jpg
Bottoms,Multi,Chinos,Light Weight,No,Chino,H&M,Skinny,Turquoise,,H&M_Lightweight_Chino_Turquoise_Skinny.jpg
Bottoms,Multi,Chinos,Regular Weight,No,Chino,H&M,Skinny,Beige,,H&M_Chino_Skinny_Beige.jpg
Bottoms,Multi,Chinos,Regular Weight,No,Chino,H&M,Skinny,Black,,H&M_Chino_Skinny_Black.jpg
Bottoms,Multi,Chinos,Regular Weight,No,Chino,H&M,Skinny,Blue,,H&M_Chino_Skinny_Blue.jpg
Bottoms,Multi,Chinos,Regular Weight,No,Chino,H&M,Skinny,Brown,,H&M_Chino_Skinny_Brown.jpg
Bottoms,Multi,Chinos,Regular Weight,No,Chino,H&M,Skinny,Burgundy,,H&M_Chino_Skinny_Burgundy.jpg
Bottoms,Multi,Chinos,Regular Weight,No,Chino,H&M,Skinny,Gray,,H&M_Chino_Skinny_Gray.jpg
Bottoms,Multi,Chinos,Regular Weight,No,Chino,H&M,Skinny,Khaki,,H&M_Chino_Skinny_Khaki.jpg
Bottoms,Multi,Chinos,Regular Weight,No,Chino,H&M,Skinny,Light Blue,,H&M_Chino_Skinny_LightBlue.jpg
Bottoms,Multi,Chinos,Regular Weight,No,Chino,H&M,Skinny,Light Brown,,H&M_Chino_Skinny_LightBrown.jpg
Bottoms,Multi,Chinos,Regular Weight,No,Chino,H&M,Skinny,Navy,,H&M_Chino_Skinny_Navy.jpg
Bottoms,Multi,Chinos,Regular Weight,No,Chino,H&M,Skinny,Red,,H&M_Chino_Skinny_Red.jpg
Bottoms,Multi,Chinos,Regular Weight,No,Chino,H&M,Skinny,Salmon,,H&M_Chino_Skinny_Salmon.jpg
Bottoms,Multi,Chinos,Regular Weight,No,Chino,H&M,Skinny,Taupe,,H&M_Chino_Skinny_Taupe.jpg
Bottoms,Multi,Chinos,Regular Weight,No,Chino,H&M,Skinny,Turquoise,,H&M_Chino_Skinny_Turquoise.jpg
Bottoms,Dressed,Suit Pants,,Yes,Blend,Uniqlo,Skinny,Black,,Uniqlo_SuitPants_Skinny_Black.jpg
Bottoms,Dressed,Suit Pants,,Yes,Blend,Uniqlo,Skinny,Charcoal,,Uniqlo_SuitPants_Skinny_Charcoal.jpg
Bottoms,Dressed,Suit Pants,,Yes,Blend,Uniqlo,Skinny,Gray,,Uniqlo_SuitPants_Skinny_Gray.jpg
Bottoms,Dressed,Suit Pants,,Yes,Blend,Uniqlo,Skinny,Light Gray,,Uniqlo_SuitPants_Skinny_LightGray.jpg
Bottoms,Dressed,Suit Pants,,Yes,Blend,Uniqlo,Skinny,Navy,,Uniqlo_SuitPants_Skinny_Navy.jpg
Bottoms,Dressed,Suit Pants,,Yes,Wool,Uniqlo,Skinny,Black,,Uniqlo_SuitPants_Wool_Skinny_Black.jpg
Bottoms,Dressed,Suit Pants,,Yes,Wool,Uniqlo,Skinny,Charcoal,,Uniqlo_SuitPants_Wool_Skinny_Charcoal.jpg
Bottoms,Dressed,Suit Pants,,Yes,Wool,Uniqlo,Skinny,Dark Gray,,Uniqlo_SuitPants_Wool_Skinny_DarkGray.jpg
Bottoms,Dressed,Suit Pants,,Yes,Wool,Uniqlo,Skinny,Gray,,Uniqlo_SuitPants_Wool_Skinny_Gray.jpg
Bottoms,Dressed,Suit Pants,,Yes,Wool,Uniqlo,Skinny,Light Gray,,Uniqlo_SuitPants_Wool_Skinny_LightGray.jpg
Bottoms,Dressed,Suit Pants,,Yes,Wool,Uniqlo,Skinny,Navy,,Uniqlo_SuitPants_Wool_Skinny_Navy.jpg
Bottoms,Casual,5-Pocket,,No,Twill,H&M,Skinny,Beige,,H&M_5-Pocket_Skinny_Beige.jpg
Bottoms,Casual,5-Pocket,,No,Twill,H&M,Skinny,Black,,H&M_5-Pocket_Skinny_Black.jpg
Bottoms,Casual,5-Pocket,,No,Twill,H&M,Skinny,Blue,,H&M_5-Pocket_Skinny_Blue.jpg
Bottoms,Casual,5-Pocket,,No,Twill,H&M,Skinny,Brown,,H&M_5-Pocket_Skinny_Brown.jpg
Bottoms,Casual,5-Pocket,,No,Twill,H&M,Skinny,Burgundy,,H&M_5-Pocket_Skinny_Burgundy.jpg
Bottoms,Casual,5-Pocket,,No,Twill,H&M,Skinny,Green,,H&M_5-Pocket_Skinny_Green.jpg
Bottoms,Casual,5-Pocket,,No,Twill,H&M,Skinny,Gray,,H&M_5-Pocket_Skinny_Gray.jpg
Bottoms,Casual,5-Pocket,,No,Twill,H&M,Skinny,Light Brown,,H&M_5-Pocket_Skinny_LightBrown.jpg
Bottoms,Casual,5-Pocket,,No,Twill,H&M,Skinny,Navy,,H&M_5-Pocket_Skinny_Navy.jpg
Bottoms,Casual,5-Pocket,,No,Twill,H&M,Skinny,Olive,,H&M_5-Pocket_Skinny_Olive.jpg
Bottoms,Casual,5-Pocket,,No,Twill,H&M,Skinny,Orange,,H&M_5-Pocket_Skinny_Orange.jpg
Bottoms,Casual,5-Pocket,,No,Twill,H&M,Skinny,Purple,,H&M_5-Pocket_Skinny_Purple.jpg
Bottoms,Casual,5-Pocket,,No,Twill,H&M,Skinny,Taupe,,H&M_5-Pocket_Skinny_Taupe.jpg
Bottoms,Casual,5-Pocket,,No,Twill,H&M,Skinny,White,,H&M_5-Pocket_Skinny_White.jpg
Bottoms,Casual,5-Pocket,,No,Twill,H&M,Skinny,Yellow,,H&M_5-Pocket_Skinny_Yellow.jpg
Bottoms,Casual,Jeans,,No,Denim,Levis,Skinny,White,,H&M_Jeans_Skinny_White.jpg
Bottoms,Casual,Jeans,,No,Denim,Levis,Skinny,Acid Wash,Light Blue,Levi_Jeans_Skinny_LightBlue_AcidWash.jpg
Bottoms,Casual,Jeans,,No,Denim,Levis,Skinny,Black,,H&M_Jeans_Skinny_Black.jpg
Bottoms,Casual,Jeans,,No,Denim,Levis,Skinny,Green,,H&M_Jeans_Skinny_Green.jpg
Bottoms,Casual,Jeans,,No,Denim,Levis,Skinny,Gray,,H&M_Jeans_Skinny_Gray.jpg
Bottoms,Casual,Jeans,,No,Denim,Levis,Skinny,Indigo,,H&M_Jeans_Skinny_Indigo.jpg
Bottoms,Casual,Jeans,,No,Denim,Levis,Skinny,Light Gray,,H&M_Jeans_Skinny_LightGray.jpg
Bottoms,Casual,Jeans,,No,Denim,Levis,Skinny,Maroon,,H&M_Jeans_Skinny_Maroon.jpg
Bottoms,Casual,Jeans,,No,Denim,Levis,Skinny,Olive,,H&M_Jeans_Skinny_Olive.jpg
Bottoms,Casual,Jeans,,No,Denim,Levis,Skinny,Turquoise,,H&M_Jeans_Skinny_Turquoise.jpg
Bottoms,Casual,Shorts,Chinos,No,Cotton,Billabong,,Maroon,,Billabong_Shorts_Chino_Maroon.jpg
Bottoms,Casual,Shorts,Chinos,No,Cotton,Old Navy,,Red,,OldNavy_Shorts_Chino_Red.jpg
Bottoms,Casual,Shorts,Chinos,No,Cotton,Uniqlo,,Beige,,Uniqlo_Shorts_Chino_Beige.jpg
Bottoms,Casual,Shorts,Chinos,No,Cotton,Uniqlo,,Black,,Uniqlo_Shorts_Chino_Black.jpg
Bottoms,Casual,Shorts,Chinos,No,Cotton,Uniqlo,,Blue,,Uniqlo_Shorts_Chino_Blue.jpg
Bottoms,Casual,Shorts,Chinos,No,Cotton,Uniqlo,,Brown,,Uniqlo_Shorts_Chino_Brown.jpg
Bottoms,Casual,Shorts,Chinos,No,Cotton,Uniqlo,,Charcoal,,Uniqlo_Shorts_Chino_Charcoal.jpg
Bottoms,Casual,Shorts,Chinos,No,Cotton,Uniqlo,,Dark Brown,,Uniqlo_Shorts_Chino_DarkBrown.jpg
Bottoms,Casual,Shorts,Chinos,No,Cotton,Uniqlo,,Green,,Uniqlo_Shorts_Chino_Green.jpg
Bottoms,Casual,Shorts,Chinos,No,Cotton,Uniqlo,,Light Blue,,Uniqlo_Shorts_Chino_LightBlue.jpg
Bottoms,Casual,Shorts,Chinos,No,Cotton,Uniqlo,,Light Gray,,Uniqlo_Shorts_Chino_LightGray.jpg
Bottoms,Casual,Shorts,Chinos,No,Cotton,Uniqlo,,Light Purple,,Uniqlo_Shorts_Chino_LightPurple.jpg
Bottoms,Casual,Shorts,Chinos,No,Cotton,Uniqlo,,Navy,,Uniqlo_Shorts_Chino_Navy.jpg
Bottoms,Casual,Shorts,Chinos,No,Cotton,Uniqlo,,Olive,,Uniqlo_Shorts_Chino_Olive.jpg
Bottoms,Casual,Shorts,Chinos,No,Cotton,Uniqlo,,Orange,,Uniqlo_Shorts_Chino_Orange.jpg
Bottoms,Casual,Shorts,Chinos,No,Cotton,Uniqlo,,Pink,,Uniqlo_Shorts_Chino_Pink.jpg
Bottoms,Casual,Shorts,Chinos,No,Cotton,Uniqlo,,Tan,,Uniqlo_Shorts_Chino_Tan.jpg
Bottoms,Casual,Shorts,Chinos,No,Cotton,Uniqlo,,Turquoise,,Uniqlo_Shorts_Chino_Turquoise.jpg
Bottoms,Casual,Shorts,Chinos,No,Cotton,Uniqlo,,White,,Uniqlo_Shorts_Chino_White.jpg
Bottoms,Casual,Shorts,Stretch,No,Twill,Uniqlo,,Beige,,Uniqlo_Shorts_Stretch_Twill_Beige.jpg
Bottoms,Casual,Shorts,Stretch,No,Twill,Uniqlo,,Black,,Uniqlo_Shorts_Stretch_Twill_Black.jpg
Bottoms,Casual,Shorts,Stretch,No,Twill,Uniqlo,,Blue,,Uniqlo_Shorts_Stretch_Twill_Blue.jpg
Bottoms,Casual,Shorts,Stretch,No,Twill,Uniqlo,,Brown,,Uniqlo_Shorts_Stretch_Twill_Brown.jpg
Bottoms,Casual,Shorts,Stretch,No,Twill,Uniqlo,,Charcoal,,Uniqlo_Shorts_Stretch_Twill_Charcoal.jpg
Bottoms,Casual,Shorts,Stretch,No,Twill,Uniqlo,,Green,,Uniqlo_Shorts_Stretch_Twill_Green.jpg
Bottoms,Casual,Shorts,Stretch,No,Twill,Uniqlo,,Light Purple,,Uniqlo_Shorts_Stretch_Twill_LightPurple.jpg
Bottoms,Casual,Shorts,Stretch,No,Twill,Uniqlo,,Navy,,Uniqlo_Shorts_Stretch_Twill_Navy.jpg
Bottoms,Casual,Shorts,Stretch,No,Twill,Uniqlo,,Olive,,Uniqlo_Shorts_Stretch_Twill_Olive.jpg
Bottoms,Casual,Shorts,Stretch,No,Twill,Uniqlo,,Orange,,Uniqlo_Shorts_Stretch_Twill_Orange.jpg
Bottoms,Casual,Shorts,Stretch,No,Twill,Uniqlo,,Pink,,Uniqlo_Shorts_Stretch_Twill_Pink.jpg
Bottoms,Casual,Shorts,Stretch,No,Twill,Uniqlo,,Purple,,Uniqlo_Shorts_Stretch_Twill_Purple.jpg
Bottoms,Casual,Shorts,Stretch,No,Twill,Uniqlo,,Red,,Uniqlo_Shorts_Stretch_Twill_Red.jpg
Bottoms,Casual,Shorts,Stretch,No,Twill,Uniqlo,,Tan,,Uniqlo_Shorts_Stretch_Twill_Tan.jpg
Bottoms,Casual,Shorts,Stretch,No,Twill,Uniqlo,,White,,Uniqlo_Shorts_Stretch_Twill_White.jpg
